id,name,email
1,Robert Kim,robert.kim@example.com
2,Lindsey Alvarez,lindsey.alvarez@example.com
3,Jennifer Evans,jennifer.evans@example.com
4,Michele Griffin,michele.griffin@example.com
5,Brian Huff,brian.huff@example.com
6,Heather Ortega,heather.ortega@example.com
7,Crystal Sexton,crystal.sexton@example.com
8,Brooke Perez,brooke.perez@example.com
9,Mary Ayala,mary.ayala@example.com
10,Victoria Douglas,victoria.douglas@example.com
11,Beth Jones,beth.jones@example.com
12,Dale Bennett,dale.bennett@example.com
13,Ruth Villarreal,ruth.villarreal@example.com
14,Timothy Long,timothy.long@example.com
15,Julie Chang,julie.chang@example.com
16,Patrick Hardin,patrick.hardin@example.com
17,Robert Reyes,robert.reyes@example.com
18,Kimberly Washington,kimberly.washington@example.com
19,Alexander Hart,alexander.hart@example.com
20,Brittany Wagner,brittany.wagner@example.com
21,Marilyn Smith,marilyn.smith@example.com
22,Joshua Flores,joshua.flores@example.com
23,Ronald Collins,ronald.collins@example.com
24,Nicholas Phillips,nicholas.phillips@example.com
25,Mary Romero,mary.romero@example.com
26,Erica Harris,erica.harris@example.com
27,Jonathan Jones,jonathan.jones@example.com
28,Linda Ward,linda.ward@example.com
29,Victoria Roberts,victoria.roberts@example.com
30,Anna Silva,anna.silva@example.com
31,Kathryn Walker,kathryn.walker@example.com
32,Abigail Payne,abigail.payne@example.com
33,Amanda Good,amanda.good@example.com
34,Ronald Preston,ronald.preston@example.com
35,Kimberly Moore,kimberly.moore@example.com
36,Sarah Gordon,sarah.gordon@example.com
37,Kyle Griffin,kyle.griffin@example.com
38,Gary Rodgers,gary.rodgers@example.com
39,Lawrence Johnson,lawrence.johnson@example.com
40,Gabriel Collins,gabriel.collins@example.com
41,Brandon Levine,brandon.levine@example.com
42,Nicole Jones,nicole.jones@example.com
43,Allen Wagner,allen.wagner@example.com
44,Natalie Jones,natalie.jones@example.com
45,Timothy Bautista,timothy.bautista@example.com
46,Derek Huffman,derek.huffman@example.com
47,Helen Zimmerman,helen.zimmerman@example.com
48,Matthew Cox,matthew.cox@example.com
49,Sandra Grimes,sandra.grimes@example.com
50,Abigail Knight,abigail.knight@example.com
